0.001908,-0.000445
0.001181,-0.005242
0.000412,-0.011919
-0.000064,-0.018626
-0.000242,-0.025350
-0.000119,-0.032075
0.000207,-0.038795
0.000721,-0.045516
0.001549,-0.052199
0.002680,-0.058836
0.004109,-0.065413
0.005835,-0.071917
0.007852,-0.078335
0.010157,-0.084654
0.012745,-0.090861
0.015610,-0.096943
0.018410,-0.102294
0.020852,-0.106587
0.022781,-0.109768
0.024327,-0.112202
0.025586,-0.114116
0.026579,-0.115586
0.027369,-0.116732
0.027998,-0.117635
0.028497,-0.118349
0.028879,-0.118905
0.029169,-0.119340
0.029386,-0.119690
0.029561,-0.119963
0.029583,-0.119961
0.029589,-0.119951
0.029589,-0.119951
0.029589,-0.119951
0.029589,-0.119951
0.044354,-0.109727
0.084132,-0.069673
0.146792,0.002129
0.230373,0.107103
0.333846,0.253591
0.446681,0.412922
0.563845,0.568910
0.684507,0.722045
0.807915,0.872846
0.933495,1.021742
1.060840,1.169053
1.189625,1.315023
1.319539,1.459925
1.450329,1.603984
1.581804,1.747376
1.713809,1.890246
1.846225,2.032706
1.978947,2.174856
2.111889,2.316781
2.244985,2.458546
2.378180,2.600206
2.511429,2.741806
2.636468,2.872627
2.728103,2.968245
2.791737,3.036816
2.829166,3.076726
2.842280,3.086530
2.833041,3.064790
2.810268,3.033087
2.790603,3.015217
2.773756,3.000783
2.759632,2.989210
2.747748,2.979787
2.737847,2.972103
2.729451,2.965672
2.722532,2.960375
2.716775,2.955947
2.712019,2.952245
2.708086,2.949125
2.704835,2.946474
2.702172,2.944231
2.700021,2.942339
2.698259,2.940717
2.696819,2.939317
2.696101,2.938585
2.696113,2.938604
2.696126,2.938623
2.696139,2.938642
2.696152,2.938661
2.696164,2.938679
2.696177,2.938698
2.696190,2.938716
2.696202,2.938734
2.696215,2.938753
2.687093,2.930641
2.676369,2.925385
2.672921,2.930964
2.669718,2.936703
2.666766,2.942595
2.664060,2.948635
2.661605,2.954812
2.659413,2.961106
2.657494,2.967494
2.655854,2.973962
2.654496,2.980506
2.653431,2.987111
2.652656,2.993755
2.652182,3.000430
2.651145,3.006277
2.649554,3.010600
2.649138,3.014448
2.648912,3.017488
2.648762,3.019946
2.648638,3.021889
2.648653,3.023435
2.648624,3.024643
2.648545,3.025560
2.648488,3.026301
2.648457,3.026886
2.648443,3.027345
2.648431,3.027693
2.648388,3.027872
2.648420,3.027878
2.648452,3.027883
2.648483,3.027888
2.648513,3.027891
2.647898,3.028260
2.671390,3.030368
2.733745,3.033798
2.835009,3.038056
2.975206,3.042611
3.154691,3.046512
3.349111,3.049928
3.543503,3.054429
3.737878,3.059832
3.932238,3.065982
4.126583,3.072744
4.320913,3.080011
4.515232,3.087696
4.709541,3.095723
4.903842,3.104023
5.098137,3.112539
5.292420,3.121230
5.486699,3.130053
5.680979,3.138980
5.875257,3.147983
6.069536,3.157044
6.263814,3.166143
6.458092,3.175266
6.652372,3.184400
6.846652,3.193537
7.040933,3.202668
7.211771,3.211250
7.343058,3.217183
7.435502,3.220970
7.489056,3.223256
7.503909,3.224452
7.503939,3.224455
7.503969,3.224457
7.503998,3.224459
7.504028,3.224461
7.504057,3.224463
7.504086,3.224465
7.505727,3.229056
7.506985,3.235554
7.508626,3.242016
7.510594,3.248416
7.512852,3.254725
7.515392,3.260928
7.518203,3.267012
7.521278,3.272964
7.524610,3.278773
7.528194,3.284428
7.532025,3.289918
7.536097,3.295233
7.540402,3.300361
7.544930,3.305292
7.549673,3.310017
7.554622,3.314524
7.559768,3.318806
7.565099,3.322854
7.570605,3.326659
7.576276,3.330214
7.582100,3.333511
7.588065,3.336544
7.594161,3.339306
7.600372,3.341794
7.606690,3.344002
7.613099,3.345925
7.619588,3.347562
7.626143,3.348908
7.632757,3.349955
7.639416,3.350703
7.646107,3.351142
7.652690,3.351592
7.658933,3.352476
7.664769,3.353915
7.669442,3.355471
7.673181,3.357082
7.676217,3.358629
7.678713,3.359870
7.680794,3.360865
7.682501,3.361587
7.684044,3.361749
7.685331,3.361741
7.686353,3.361721
7.687179,3.361766
7.687825,3.361804
7.688345,3.361820
7.688753,3.361805
7.689073,3.361781
7.689121,3.361753
7.689124,3.361721
7.689127,3.361689
7.689129,3.361658
7.689132,3.361627
7.691419,3.343569
7.690415,3.285650
7.682907,3.189125
7.666732,3.054335
7.635413,2.878225
7.601108,2.687485
7.571855,2.495816
7.546799,2.303454
7.525136,2.110599
7.506268,1.917379
7.489629,1.723899
7.474821,1.530222
7.461485,1.336396
7.449305,1.142459
7.438030,0.948441
7.427481,0.754359
7.417486,0.560228
7.407914,0.366061
7.398656,0.171864
7.389619,-0.022353
7.380732,-0.216585
7.371936,-0.410829
7.363182,-0.605081
7.354433,-0.799337
7.345659,-0.993596
7.336837,-1.187856
7.327947,-1.382114
7.318977,-1.576371
7.309915,-1.770624
7.300756,-1.964874
7.291493,-2.159119
7.282123,-2.353359
7.272645,-2.547594
7.263057,-2.741822
7.253362,-2.936046
7.243561,-3.130263
7.233656,-3.324475
7.223650,-3.518681
7.213544,-3.712881
7.203341,-3.907076
7.193046,-4.101265
7.182662,-4.295449
7.172190,-4.489628
7.161637,-4.683801
7.152694,-4.867580
7.146594,-5.003486
7.140609,-5.100466
7.137103,-5.158668
7.138449,-5.178395
7.147027,-5.160226
7.159754,-5.113566
7.162738,-5.078608
7.161536,-5.054805
7.159901,-5.035581
7.158206,-5.020083
7.156564,-5.007396
7.155091,-4.997091
7.153787,-4.988554
7.152706,-4.981625
7.151845,-4.976055
7.151149,-4.971438
7.150614,-4.967658
7.150216,-4.964544
7.149951,-4.962046
7.149792,-4.959990
7.149770,-4.959705
7.149770,-4.959705
7.149771,-4.959705
7.149771,-4.959705
7.149771,-4.959705
7.149772,-4.959705
7.149772,-4.959705
7.149772,-4.959705
7.149772,-4.959705
7.149773,-4.959705
7.153887,-4.930275
7.159759,-4.923074
7.166148,-4.924757
7.172443,-4.926716
7.178639,-4.928970
7.184722,-4.931506
7.190665,-4.934293
7.196463,-4.937344
7.202112,-4.940653
7.207604,-4.944231
7.212920,-4.948049
7.218037,-4.952087
7.222947,-4.956351
7.227653,-4.960833
7.232143,-4.965532
7.236417,-4.970440
7.240476,-4.975542
7.244305,-4.980835
7.247905,-4.986310
7.251253,-4.991952
7.254358,-4.997753
7.257213,-5.003704
7.259821,-5.009800
7.262173,-5.016025
7.264258,-5.022359
7.266067,-5.028780
7.267595,-5.035281
7.268845,-5.041850
7.269805,-5.048463
7.270468,-5.055115
7.270856,-5.061781
7.271425,-5.068102
7.272937,-5.072998
7.273254,-5.077113
7.273392,-5.080423
7.273448,-5.083070
7.273504,-5.085085
7.273554,-5.086716
7.273500,-5.088019
7.273484,-5.089044
7.273514,-5.089848
7.273557,-5.090469
7.273591,-5.090951
7.273603,-5.091331
7.273615,-5.091621
7.273602,-5.091674
7.273575,-5.091674
7.273548,-5.091674
7.273520,-5.091675
7.273492,-5.091676
7.263956,-5.094521
7.216727,-5.097558
7.129834,-5.098219
7.004091,-5.094248
6.837634,-5.082341
6.644721,-5.063482
6.451298,-5.049448
6.257540,-5.039303
6.063568,-5.032324
5.869454,-5.027961
5.675248,-5.025715
5.480982,-5.025180
5.286676,-5.025997
5.092338,-5.027823
4.897988,-5.030590
4.703625,-5.034162
4.509248,-5.038343
4.314849,-5.042990
4.120436,-5.047969
3.926024,-5.053179
3.731615,-5.058551
3.537203,-5.064021
3.374729,-5.070197
3.256475,-5.073669
3.175659,-5.075714
3.133165,-5.077691
3.129303,-5.081456
3.163893,-5.089040
3.207500,-5.092261
3.239323,-5.092120
3.262033,-5.089911
3.279911,-5.087303
3.294397,-5.084943
3.306450,-5.082798
3.316273,-5.080970
3.324129,-5.079485
3.330599,-5.078252
3.335902,-5.077258
3.340261,-5.076472
3.343886,-5.075855
3.346833,-5.075401
3.349244,-5.075083
3.351198,-5.074891
3.351547,-5.074860
3.351547,-5.074860
3.351547,-5.074861
3.351547,-5.074861
3.351547,-5.074861
3.351547,-5.074861
3.351547,-5.074862
3.351547,-5.074862
3.351547,-5.074862
3.351547,-5.074863
3.370207,-5.073892
3.370911,-5.067204
3.371317,-5.060490
3.371423,-5.053764
3.371213,-5.047043
3.370883,-5.040314
3.370293,-5.033602
3.369393,-5.026929
3.368191,-5.020304
3.366692,-5.013743
3.364897,-5.007258
3.362811,-5.000863
3.360439,-4.994569
3.357785,-4.988390
3.354856,-4.982339
3.351658,-4.976427
3.348198,-4.970665
3.344483,-4.965066
3.340521,-4.959640
3.336320,-4.954398
3.331890,-4.949350
3.327238,-4.944505
3.322375,-4.939874
3.317311,-4.935465
3.312056,-4.931286
3.306620,-4.927345
3.301014,-4.923651
3.295328,-4.920255
3.291012,-4.916867
3.287052,-4.914884
3.283872,-4.913404
3.281403,-4.912326
3.279438,-4.911515
3.277898,-4.910913
3.276682,-4.910462
3.275730,-4.910129
3.274978,-4.909883
3.274393,-4.909707
3.273927,-4.909582
3.273563,-4.909508
3.273349,-4.909485
3.273350,-4.909516
3.273351,-4.909548
3.273352,-4.909579
3.273353,-4.909611
3.275406,-4.904158
3.278408,-4.908092
3.272584,-4.949936
3.256175,-5.029370
3.226865,-5.145757
3.180764,-5.300318
3.120530,-5.482909
3.065324,-5.668589
3.015497,-5.855904
2.970162,-6.044468
2.928486,-6.233970
2.889784,-6.424174
2.856424,-6.606328
2.833911,-6.740523
2.816198,-6.836075
2.805606,-6.893428
2.804493,-6.913151
2.809167,-6.882163
2.811897,-6.852553
2.813464,-6.828451
2.814313,-6.808779
2.814759,-6.792671
2.814979,-6.779306
2.815105,-6.768478
2.815182,-6.759487
2.815264,-6.752100
2.815369,-6.746105
2.815506,-6.741172
2.815684,-6.737079
2.815922,-6.733780
2.816163,-6.731127
2.816362,-6.728932
2.816481,-6.727647
2.816481,-6.727677
2.816482,-6.727707
2.816482,-6.727737
2.816483,-6.727768
2.816484,-6.727798
2.816486,-6.727829
2.816487,-6.727860
2.816488,-6.727890
2.816489,-6.727921
2.818185,-6.728213
2.824457,-6.730248
2.830628,-6.732577
2.836680,-6.735181
2.842586,-6.738027
2.848351,-6.741148
2.853960,-6.744520
2.859411,-6.748160
2.864677,-6.752031
2.869743,-6.756127
2.874604,-6.760440
2.879256,-6.764979
2.883693,-6.769733
2.887913,-6.774685
2.891917,-6.779837
2.895690,-6.785176
2.899229,-6.790694
2.902518,-6.796376
2.905562,-6.802215
2.908356,-6.808203
2.910901,-6.814332
2.913188,-6.820586
2.915205,-6.826941
2.916946,-6.833385
2.918405,-6.839905
2.919585,-6.846485
2.920472,-6.853108
2.921136,-6.859486
2.921501,-6.864766
2.921820,-6.868767
2.922071,-6.871917
2.922252,-6.874454
2.922393,-6.876411
2.922512,-6.877963
2.922599,-6.879180
2.922673,-6.880129
2.922724,-6.880898
2.922749,-6.881489
2.922779,-6.881938
2.922791,-6.882278
2.922837,-6.882485
2.922805,-6.882492
2.922773,-6.882499
2.922742,-6.882505
2.922713,-6.882509
2.921389,-6.883732
2.891788,-6.889869
2.823271,-6.897440
2.715705,-6.904545
2.569122,-6.909246
2.379608,-6.906878
2.185629,-6.907731
1.991639,-6.912481
1.797689,-6.920461
1.603795,-6.931275
1.409985,-6.944360
1.216265,-6.959271
1.022625,-6.975689
0.829056,-6.993273
0.635548,-7.011785
0.442088,-7.031036
0.248663,-7.050872
0.055262,-7.071136
-0.138117,-7.091710
-0.331474,-7.112517
-0.524815,-7.133485
-0.718149,-7.154557
-0.911481,-7.175688
-1.096536,-7.196841
-1.235238,-7.213527
-1.335619,-7.223844
-1.397400,-7.230109
-1.420384,-7.234692
-1.404815,-7.240012
-1.357827,-7.245603
-1.324319,-7.243354
-1.300863,-7.238321
-1.282157,-7.233631
-1.267071,-7.229451
-1.254845,-7.225809
-1.244914,-7.222708
-1.236767,-7.220088
-1.230140,-7.217937
-1.224763,-7.216205
-1.220369,-7.214819
-1.216787,-7.213730
-1.213887,-7.212900
-1.211461,-7.212256
-1.209509,-7.211800
-1.209149,-7.211719
-1.209150,-7.211720
-1.209150,-7.211720
-1.209150,-7.211720
-1.209150,-7.211720
-1.209150,-7.211721
-1.209150,-7.211721
-1.209150,-7.211721
-1.209150,-7.211721
-1.209150,-7.211722
-1.180340,-7.211223
-1.169766,-7.215645
-1.167155,-7.221006
-1.164463,-7.226376
-1.163834,-7.232353
-1.165220,-7.238832
-1.166983,-7.245270
-1.169059,-7.251637
-1.171424,-7.257908
-1.174068,-7.264068
-1.176978,-7.270103
-1.180150,-7.276003
-1.183577,-7.281756
-1.187255,-7.287350
-1.191178,-7.292776
-1.195338,-7.298022
-1.199727,-7.303077
-1.204337,-7.307932
-1.209158,-7.312576
-1.214182,-7.317000
-1.219399,-7.321196
-1.224797,-7.325153
-1.230367,-7.328865
-1.236096,-7.332324
-1.241975,-7.335522
-1.247991,-7.338454
-1.254131,-7.341114
-1.260384,-7.343497
-1.266737,-7.345599
-1.273177,-7.347416
-1.279692,-7.348943
-1.286272,-7.350177
-1.292904,-7.351113
-1.299576,-7.351748
-1.306264,-7.352113
-1.312720,-7.352724
-1.318334,-7.353814
-1.323051,-7.354113
-1.326879,-7.354141
-1.329906,-7.354110
-1.332336,-7.354014
-1.334216,-7.353939
-1.335671,-7.353868
-1.336856,-7.353790
-1.337780,-7.353756
-1.338494,-7.353769
-1.339044,-7.353796
-1.339475,-7.353800
-1.339806,-7.353796
-1.340013,-7.353789
-1.340015,-7.353759
-1.340017,-7.353729
-1.340020,-7.353699
-1.340021,-7.353669
-1.341065,-7.353084
-1.344735,-7.326479
-1.345294,-7.260889
-1.340396,-7.156562
-1.327862,-7.013740
-1.301129,-6.830180
-1.275722,-6.638081
-1.255591,-6.445245
-1.239718,-6.251913
-1.227331,-6.058251
-1.217835,-5.864345
-1.210622,-5.670282
-1.205247,-5.476111
-1.201372,-5.281863
-1.198667,-5.087561
-1.196915,-4.893219
-1.195898,-4.698845
-1.195437,-4.504449
-1.195396,-4.310032
-1.195630,-4.115593
-1.196081,-3.921148
-1.196731,-3.726701
-1.197588,-3.532246
-1.200530,-3.366992
-1.201517,-3.246697
-1.201220,-3.165217
-1.202005,-3.122534
-1.206258,-3.118400
-1.216381,-3.152421
-1.233943,-3.223139
-1.244115,-3.307470
-1.237933,-3.383467
-1.231399,-3.405092
-1.229910,-3.405957
-1.228696,-3.406605
-1.227758,-3.407088
-1.227050,-3.407444
-1.226537,-3.407702
-1.226242,-3.407849
-1.226242,-3.407849
-1.226243,-3.407849
-1.226243,-3.407849
-1.226243,-3.407849
-1.226244,-3.407849
-1.226244,-3.407849
-1.226244,-3.407849
-1.226244,-3.407849
-1.226245,-3.407849
-1.223824,-3.414981
-1.223221,-3.432311
-1.228592,-3.435002
-1.234576,-3.435602
-1.241055,-3.434214
-1.247445,-3.432539
-1.253743,-3.430579
-1.259938,-3.428333
-1.266023,-3.425802
-1.271968,-3.423020
-1.277778,-3.419957
-1.283434,-3.416638
-1.288929,-3.413064
-1.294248,-3.409248
-1.299367,-3.405214
-1.304281,-3.400954
-1.308989,-3.396474
-1.313482,-3.391778
-1.317759,-3.386873
-1.321821,-3.381773
-1.325653,-3.376483
-1.329255,-3.371012
-1.332608,-3.365368
-1.335715,-3.359572
-1.338574,-3.353623
-1.341186,-3.347526
-1.343541,-3.341306
-1.345614,-3.335026
-1.347774,-3.330547
-1.348859,-3.326203
-1.349609,-3.322768
-1.350135,-3.320026
-1.350485,-3.317921
-1.350765,-3.316257
-1.350950,-3.314913
-1.351055,-3.313832
-1.351073,-3.312983
-1.351050,-3.312321
-1.351055,-3.311809
-1.351069,-3.311413
-1.351079,-3.311114
-1.351063,-3.311034
-1.351038,-3.311024
-1.351014,-3.311016
-1.350992,-3.311009
-1.350970,-3.311002
-1.365835,-3.322092
-1.356429,-3.327208
-1.311552,-3.315180
-1.234169,-3.282449
-1.150833,-3.232700
-1.067622,-3.174558
-0.954813,-3.113687
-0.788878,-3.055962
-0.602210,-3.001358
-0.415454,-2.947074
-0.228636,-2.893059
-0.041784,-2.839197
0.145094,-2.785418
0.331980,-2.731668
0.510589,-2.677994
0.631911,-2.636689
0.717420,-2.611759
0.776907,-2.599490
0.833583,-2.601026
0.862610,-2.606134
0.853274,-2.613847
0.805792,-2.627535
0.743559,-2.645951
0.715837,-2.657443
0.697818,-2.665523
0.683151,-2.672407
0.671080,-2.678280
0.661276,-2.683146
0.653251,-2.687175
0.646670,-2.690495
0.641264,-2.693202
0.636818,-2.695402
0.633175,-2.697161
0.630177,-2.698563
0.627698,-2.699674
0.625674,-2.700530
0.624366,-2.701054
0.624396,-2.701039
0.624423,-2.701026
0.624447,-2.701017
0.624466,-2.701010
0.624488,-2.701002
0.624511,-2.700994
0.624533,-2.700986
0.624555,-2.700978
0.624578,-2.700970
0.620410,-2.703691
0.614828,-2.713042
0.616316,-2.719607
0.618098,-2.726095
0.620172,-2.732495
0.622532,-2.738793
0.625173,-2.744977
0.628091,-2.751034
0.631278,-2.756952
0.634727,-2.762720
0.638431,-2.768327
0.642383,-2.773760
0.646573,-2.779010
0.650995,-2.784067
0.655637,-2.788920
0.660491,-2.793561
0.665547,-2.797980
0.670794,-2.802169
0.676223,-2.806119
0.681821,-2.809824
0.687582,-2.813278
0.693491,-2.816474
0.699537,-2.819404
0.705707,-2.822063
0.711990,-2.824446
0.718372,-2.826548
0.724842,-2.828365
0.731387,-2.829894
0.737993,-2.831133
0.744545,-2.832065
0.750388,-2.832857
0.754872,-2.833241
0.758357,-2.833352
0.761085,-2.833369
0.763201,-2.833325
0.764859,-2.833209
0.766143,-2.833058
0.767166,-2.832946
0.767955,-2.832854
0.768574,-2.832773
0.769050,-2.832698
0.769421,-2.832627
0.769671,-2.832604
0.769671,-2.832604
0.769671,-2.832604
0.769670,-2.832604
0.769670,-2.832604
0.770517,-2.832094
0.769437,-2.806828
0.756928,-2.744166
0.730404,-2.644938
0.687086,-2.510132
0.619670,-2.339152
0.550102,-2.156878
0.486522,-1.972668
0.427824,-1.787058
0.372972,-1.600437
0.321275,-1.412858
0.272206,-1.224555
0.225245,-1.035703
0.180046,-0.846451
0.136280,-0.656882
0.093649,-0.467074
0.051892,-0.277046
0.012862,-0.092598
-0.013486,0.040878
-0.033981,0.135980
-0.046242,0.193115
-0.047920,0.212955
-0.036761,0.196352
-0.018385,0.153115
-0.011888,0.116428
-0.010623,0.096670
-0.009966,0.080223
-0.009651,0.066587
-0.009489,0.055270
-0.009397,0.045801
-0.009330,0.037893
-0.009249,0.031367
-0.009148,0.025882
-0.008999,0.021365
-0.008818,0.017582
-0.008594,0.014436
-0.008318,0.011806
-0.008023,0.009573
-0.007831,0.008113
-0.007840,0.008146
-0.007847,0.008176
-0.007853,0.008204
-0.007857,0.008231
-0.007861,0.008258
-0.007866,0.008285
-0.007870,0.008312
-0.007874,0.008338
-0.007879,0.008365
-0.008297,0.004132
-0.014435,-0.003806
-0.020108,-0.005656
-0.025513,-0.008112
-0.030861,-0.010866
-0.036457,-0.012790
-0.042952,-0.011522
-0.049375,-0.009945
-0.055702,-0.008094
-0.061936,-0.005945
-0.068065,-0.003502
-0.074060,-0.000806
-0.079917,0.002157
-0.085632,0.005391
-0.091183,0.008877
-0.096565,0.012611
-0.101755,0.016569
-0.106738,0.020745
-0.111519,0.025147
-0.116088,0.029770
-0.120439,0.034601
-0.124576,0.039635
-0.128490,0.044861
-0.132174,0.050270
-0.135614,0.055854
-0.138808,0.061598
-0.141753,0.067496
-0.144451,0.073541
-0.146897,0.079721
-0.149082,0.086021
-0.150989,0.092409
-0.152623,0.098884
-0.153971,0.105430
-0.155037,0.112028
-0.155808,0.118667
-0.156276,0.125338
-0.156726,0.131906
-0.157613,0.138141
-0.159061,0.144034
-0.161170,0.149573
-0.163794,0.154935
-0.166486,0.160307
-0.167264,0.166236
-0.165888,0.172712
-0.164219,0.179102
-0.162272,0.185395
-0.160041,0.191583
-0.157441,0.197723
-0.154532,0.203763
-0.151359,0.209668
-0.147933,0.215425
-0.144260,0.221023
-0.140343,0.226453
-0.136188,0.231703
-0.131804,0.236763
-0.127198,0.241622
-0.122381,0.246271
-0.117362,0.250700
-0.112150,0.254900
-0.106756,0.258863
-0.101189,0.262580
-0.095463,0.266045
-0.089588,0.269249
-0.083576,0.272188
-0.077438,0.274854
-0.071187,0.277244
-0.064836,0.279352
-0.058398,0.281174
-0.052081,0.282961
-0.046822,0.284538
-0.042698,0.285165
-0.039451,0.285587
-0.036894,0.285869
-0.034876,0.286021
-0.033261,0.286061
-0.031971,0.286077
-0.030967,0.286090
-0.030193,0.286099
-0.029601,0.286105
-0.029144,0.286117
-0.028801,0.286129
-0.028573,0.286131
-0.028562,0.286098
-0.028554,0.286069
-0.028548,0.286042
-0.028541,0.286015
-0.027491,0.286112
-0.017203,0.266464
-0.001318,0.208445
0.017090,0.111963
0.035322,-0.023307
0.047658,-0.210833
0.065989,-0.402874
0.090282,-0.595140
0.119763,-0.786807
0.153420,-0.977891
0.190476,-1.168421
0.230267,-1.358468
0.272265,-1.548100
0.315984,-1.737385
0.361125,-1.926382
0.407354,-2.115150
0.454445,-2.303738
0.502189,-2.492201
0.549752,-2.674313
0.586232,-2.801393
0.609555,-2.891747
0.623620,-2.944370
0.624055,-2.944063
0.615815,-2.922212
0.608554,-2.904675
0.602203,-2.890461
0.596918,-2.879200
0.592451,-2.870036
0.588684,-2.862488
0.585575,-2.856310
0.583094,-2.851349
0.581089,-2.847288
0.579477,-2.843936
0.578196,-2.841166
0.577195,-2.838874
0.576442,-2.837011
0.576251,-2.836515
0.576252,-2.836515
0.576252,-2.836515
0.576252,-2.836515
0.576252,-2.836515
0.576253,-2.836515
0.576253,-2.836515
0.576253,-2.836515
0.576254,-2.836515
0.576254,-2.836515
0.581353,-2.838892
0.588027,-2.838532
0.594314,-2.837717
0.600262,-2.836362
0.605849,-2.834335
0.611226,-2.831765
0.616591,-2.829055
0.622429,-2.827953
0.628911,-2.829293
0.635314,-2.830937
0.641628,-2.832868
0.647839,-2.835077
0.653939,-2.837574
0.659904,-2.840327
0.665738,-2.843365
0.671417,-2.846651
0.676933,-2.850193
0.682277,-2.853980
0.687423,-2.857987
0.692361,-2.862213
0.697097,-2.866670
0.701618,-2.871337
0.705922,-2.876213
0.710012,-2.881290
0.713875,-2.886557
0.717508,-2.892006
0.720891,-2.897625
0.724031,-2.903404
0.726922,-2.909337
0.729566,-2.915413
0.731955,-2.921619
0.733781,-2.928027
0.735075,-2.933500
0.736114,-2.937611
0.736821,-2.940788
0.737322,-2.943320
0.737674,-2.945321
0.737950,-2.946883
0.738133,-2.948140
0.738236,-2.949144
0.738258,-2.949943
0.738217,-2.950581
0.738233,-2.951051
0.738245,-2.951417
0.738252,-2.951659
0.738225,-2.951672
0.738201,-2.951682
0.738179,-2.951689
0.738158,-2.951696
0.737434,-2.952695
0.706938,-2.969376
0.638402,-2.994260
0.531199,-3.023911
0.379642,-3.053781
0.189356,-3.083212
-0.000880,-3.119689
-0.189982,-3.162198
-0.378019,-3.209601
-0.565078,-3.261127
-0.751299,-3.315858
-0.936804,-3.373188
-1.091636,-3.426310
-1.198448,-3.462926
-1.268723,-3.485922
-1.302019,-3.498762
-1.322735,-3.500133
-1.335075,-3.490259
-1.313304,-3.475579
-1.287848,-3.463442
-1.266057,-3.453254
-1.246890,-3.444578
-1.231676,-3.437700
-1.218031,-3.432079
-1.206512,-3.427375
-1.197011,-3.423521
-1.189255,-3.420395
-1.182820,-3.417853
-1.177491,-3.415812
-1.173014,-3.414161
-1.169301,-3.412859
-1.166274,-3.411870
-1.163766,-3.411144
-1.161692,-3.410578
-1.159941,-3.410101
-1.159381,-3.409953
-1.159403,-3.409961
-1.159423,-3.409968
-1.159444,-3.409976
-1.159466,-3.409985
-1.159488,-3.409993
-1.159510,-3.410001
-1.159532,-3.410010
-1.159554,-3.410018
-1.159576,-3.410027
-1.159831,-3.405966
-1.161261,-3.399391
-1.162989,-3.392889
-1.165009,-3.386473
-1.167317,-3.380155
-1.169908,-3.373950
-1.172776,-3.367869
-1.175915,-3.361925
-1.179317,-3.356128
-1.182975,-3.350492
-1.186883,-3.345026
-1.191031,-3.339742
-1.195411,-3.334650
-1.200014,-3.329759
-1.204830,-3.325079
-1.209850,-3.320619
-1.215064,-3.316388
-1.220460,-3.312394
-1.226029,-3.308644
-1.231760,-3.305144
-1.237644,-3.301901
-1.243666,-3.298922
-1.249815,-3.296213
-1.255580,-3.293296
-1.260251,-3.290684
-1.264266,-3.289446
-1.267472,-3.288553
-1.269998,-3.287913
-1.271986,-3.287453
-1.273564,-3.287119
-1.274804,-3.286881
-1.275767,-3.286717
-1.276530,-3.286604
-1.277125,-3.286536
-1.277594,-3.286512
-1.277952,-3.286552
-1.278061,-3.286582
-1.278060,-3.286582
-1.278060,-3.286583
-1.278060,-3.286583
-1.278060,-3.286583
-1.279308,-3.289723
-1.281478,-3.326411
-1.283049,-3.402042
-1.283058,-3.516620
-1.280514,-3.670040
-1.273347,-3.858999
-1.266692,-4.052872
-1.261804,-4.246887
-1.258433,-4.441009
-1.256367,-4.635233
-1.255418,-4.829564
-1.255434,-5.024000
-1.256267,-5.218496
-1.257767,-5.412962
-1.259917,-5.607526
-1.262627,-5.802090
-1.265822,-5.996615
-1.269403,-6.191104
-1.273287,-6.385565
-1.277403,-6.580005
-1.281695,-6.774430
-1.286266,-6.966588
-1.290629,-7.122288
-1.292886,-7.239109
-1.294043,-7.317033
-1.295108,-7.356051
-1.297094,-7.356277
-1.301004,-7.317728
-1.307764,-7.241543
-1.314469,-7.177783
-1.314651,-7.155871
-1.311632,-7.146512
-1.309032,-7.138757
-1.306827,-7.132328
-1.304963,-7.126951
-1.303422,-7.122451
-1.302160,-7.118681
-1.301154,-7.115545
-1.300358,-7.112923
-1.299725,-7.110697
-1.299249,-7.108844
-1.299109,-7.108285
-1.299107,-7.108315
-1.299105,-7.108346
-1.299103,-7.108376
-1.299101,-7.108406
-1.299100,-7.108436
-1.299098,-7.108466
-1.299096,-7.108496
-1.299094,-7.108526
-1.299093,-7.108556
-1.300356,-7.096961
-1.306961,-7.095803
-1.313606,-7.094925
-1.320301,-7.094331
-1.327019,-7.094041
-1.333746,-7.094050
-1.340462,-7.094329
-1.347192,-7.094738
-1.353890,-7.095450
-1.360546,-7.096468
-1.367146,-7.097786
-1.373679,-7.099403
-1.380130,-7.101313
-1.386487,-7.103512
-1.392737,-7.105995
-1.398868,-7.108756
-1.404866,-7.111790
-1.410721,-7.115091
-1.416421,-7.118650
-1.421954,-7.122462
-1.427309,-7.126517
-1.432478,-7.130807
-1.437448,-7.135324
-1.442211,-7.140058
-1.446758,-7.144999
-1.451079,-7.150137
-1.455167,-7.155463
-1.459013,-7.160965
-1.462611,-7.166633
-1.465953,-7.172454
-1.469036,-7.178424
-1.471850,-7.184525
-1.474391,-7.190745
-1.476653,-7.197072
-1.478627,-7.203475
-1.480832,-7.208917
-1.481871,-7.213553
-1.482568,-7.217184
-1.483044,-7.220053
-1.483376,-7.222356
-1.483594,-7.224131
-1.483738,-7.225530
-1.483829,-7.226638
-1.483877,-7.227504
-1.483883,-7.228185
-1.483831,-7.228710
-1.483709,-7.229102
-1.483631,-7.229364
-1.483631,-7.229364
-1.483631,-7.229364
-1.483631,-7.229363
-1.483631,-7.229363
-1.484758,-7.229688
-1.471286,-7.230421
-1.419185,-7.227446
-1.328236,-7.220056
-1.198746,-7.206839
-1.030477,-7.186429
-0.838411,-7.159634
-0.645987,-7.134931
-0.453237,-7.112076
-0.260236,-7.090767
-0.067031,-7.070779
0.126349,-7.051923
0.319870,-7.034029
0.513512,-7.016948
0.707253,-7.000541
0.901071,-6.984695
1.094960,-6.969321
1.288897,-6.954343
1.482814,-6.939687
1.676782,-6.925270
1.870785,-6.911040
2.064815,-6.896959
2.258850,-6.883002
2.452881,-6.869136
2.646905,-6.855322
2.840921,-6.841529
3.018257,-6.829762
3.154228,-6.820054
3.251328,-6.812396
3.309642,-6.807782
3.329274,-6.807300
3.310516,-6.811944
3.253342,-6.822714
3.172835,-6.838062
3.125768,-6.848299
3.114367,-6.846534
3.106455,-6.844250
3.099886,-6.842278
3.094447,-6.840620
3.089925,-6.839241
3.086156,-6.838124
3.082982,-6.837216
3.080308,-6.836488
3.078044,-6.835917
3.076172,-6.835501
3.074609,-6.835202
3.074134,-6.835111
3.074166,-6.835105
3.074199,-6.835099
3.074230,-6.835094
3.074261,-6.835090
3.074290,-6.835087
3.074319,-6.835084
3.074348,-6.835082
3.074376,-6.835079
3.074404,-6.835077
3.064368,-6.837293
3.063815,-6.843995
3.063552,-6.850716
3.063589,-6.857443
3.063887,-6.864161
3.064316,-6.870889
3.065055,-6.877584
3.066100,-6.884236
3.067444,-6.890831
3.069085,-6.897358
3.071019,-6.903802
3.073243,-6.910150
3.075750,-6.916391
3.078536,-6.922510
3.081594,-6.928496
3.084918,-6.934338
3.088501,-6.940023
3.092335,-6.945541
3.096412,-6.950881
3.100723,-6.956032
3.105261,-6.960984
3.110014,-6.965728
3.114974,-6.970254
3.120131,-6.974554
3.125474,-6.978620
3.130992,-6.982444
3.136675,-6.986019
3.141979,-6.989908
3.146801,-6.992445
3.150688,-6.994292
3.153772,-6.995653
3.156210,-6.996663
3.158137,-6.997415
3.159637,-6.997968
3.160833,-6.998385
3.161776,-6.998695
3.162518,-6.998922
3.163099,-6.999084
3.163562,-6.999198
3.163918,-6.999256
3.164043,-6.999263
3.164043,-6.999234
3.164042,-6.999204
3.164042,-6.999174
3.164041,-6.999143
3.165114,-6.999129
3.171636,-6.968800
3.183111,-6.899844
3.198563,-6.792135
3.217016,-6.645570
3.236134,-6.460212
3.256564,-6.266495
3.279306,-6.073108
3.303846,-5.879988
3.329892,-5.687111
3.357167,-5.494446
3.385412,-5.301943
3.414373,-5.110855
3.439341,-4.955099
3.457112,-4.837645
3.468680,-4.758614
3.475049,-4.718138
3.477234,-4.716243
3.476241,-4.753029
3.473064,-4.828656
3.469458,-4.928080
3.468509,-4.994123
3.467541,-5.017548
3.462810,-5.016722
3.459340,-5.017849
3.456194,-5.016719
3.453683,-5.015825
3.451660,-5.015135
3.450063,-5.014622
3.448848,-5.014281
3.447883,-5.014032
3.447147,-5.013884
3.446594,-5.013803
3.446143,-5.013702
3.445840,-5.013703
3.445845,-5.013680
3.445849,-5.013654
3.445851,-5.013626
3.445852,-5.013597
3.445853,-5.013568
3.445854,-5.013539
3.445854,-5.013509
3.445854,-5.013479
3.445853,-5.013449
3.445572,-5.015051
3.440103,-5.015125
3.434048,-5.012525
3.428137,-5.009671
3.422357,-5.006537
3.416746,-5.003169
3.411291,-4.999528
3.406024,-4.995665
3.400958,-4.991578
3.396094,-4.987268
3.391438,-4.982732
3.386999,-4.977981
3.382775,-4.973032
3.378768,-4.967882
3.374993,-4.962546
3.371450,-4.957029
3.368158,-4.951348
3.365111,-4.945514
3.362314,-4.939528
3.359765,-4.933401
3.357474,-4.927149
3.355453,-4.920794
3.353708,-4.914352
3.352245,-4.907833
3.351069,-4.901255
3.350187,-4.894622
3.349601,-4.887955
3.349227,-4.881316
3.348613,-4.875429
3.346009,-4.871840
3.345765,-4.868047
3.345666,-4.865000
3.345595,-4.862573
3.345515,-4.860720
3.345424,-4.859221
3.345428,-4.858014
3.345416,-4.857061
3.345370,-4.856324
3.345329,-4.855748
3.345309,-4.855303
3.345299,-4.854953
3.345286,-4.854710
3.345313,-4.854709
3.345340,-4.854708
3.345368,-4.854707
3.345396,-4.854706
3.344167,-4.854823
3.349914,-4.855769
3.394361,-4.854989
3.477796,-4.852034
3.599995,-4.846193
3.761096,-4.836501
3.952741,-4.821875
4.146272,-4.808719
4.340005,-4.797390
4.533905,-4.787656
4.727940,-4.779271
4.922081,-4.772030
5.116312,-4.765761
5.310611,-4.760306
5.504974,-4.755542
5.699401,-4.751358
5.893874,-4.747663
6.088324,-4.744364
6.282812,-4.741379
6.477330,-4.738649
6.671697,-4.736146
6.864879,-4.733825
7.024633,-4.732388
7.145427,-4.730623
7.227292,-4.729158
7.270254,-4.728623
7.274436,-4.729644
7.239905,-4.732854
7.166548,-4.738897
7.069464,-4.747252
7.005737,-4.753683
6.982158,-4.756304
6.981506,-4.753839
6.981223,-4.751746
6.981174,-4.749966
6.981268,-4.748458
6.981469,-4.747189
6.981738,-4.746124
6.982050,-4.745242
6.982386,-4.744509
6.982755,-4.743910
6.983156,-4.743420
6.983463,-4.743056
6.983691,-4.742811
6.983714,-4.742813
6.983737,-4.742815
6.983760,-4.742817
6.983783,-4.742819
6.983806,-4.742821
6.983829,-4.742824
6.983852,-4.742826
6.983876,-4.742828
6.983902,-4.742828
6.983413,-4.742871
6.981947,-4.749281
6.981233,-4.755964
6.980814,-4.762676
6.980695,-4.769401
6.980888,-4.776122
6.981218,-4.782849
6.981795,-4.789561
6.982683,-4.796237
6.983873,-4.802863
6.985361,-4.809427
6.987144,-4.815915
6.989218,-4.822314
6.991580,-4.828612
6.994222,-4.834795
6.997141,-4.840852
7.000328,-4.846770
7.003778,-4.852538
7.007483,-4.858143
7.011436,-4.863576
7.015627,-4.868826
7.020049,-4.873882
7.024692,-4.878734
7.029547,-4.883374
7.034603,-4.887792
7.039851,-4.891980
7.045281,-4.895930
7.050880,-4.899634
7.056641,-4.903087
7.062551,-4.906282
7.068597,-4.909212
7.074748,-4.911862
7.080172,-4.914372
7.084196,-4.916805
7.087738,-4.917894
7.090581,-4.918690
7.092847,-4.919273
7.094579,-4.919681
7.095993,-4.919987
7.097077,-4.920200
7.097934,-4.920349
7.098608,-4.920450
7.099139,-4.920508
7.099554,-4.920517
7.099853,-4.920455
7.099854,-4.920456
7.099854,-4.920455
7.099853,-4.920455
7.099853,-4.920455
7.099872,-4.920877
7.101350,-4.911265
7.103716,-4.862854
7.106344,-4.775520
7.108620,-4.649262
7.109941,-4.484072
7.108978,-4.290481
7.109061,-4.095938
7.110223,-3.901413
7.112234,-3.706825
7.115175,-3.512257
7.118872,-3.317708
7.123181,-3.123203
7.127979,-2.928729
7.133178,-2.734281
7.138684,-2.539856
7.144440,-2.345455
7.150391,-2.151070
7.156496,-1.956697
7.162715,-1.762333
7.169016,-1.567975
7.175376,-1.373623
7.181772,-1.179273
7.188190,-0.984927
7.194615,-0.790583
7.201036,-0.596239
7.207445,-0.401897
7.213836,-0.207554
7.220204,-0.013211
7.226544,0.181132
7.232853,0.375476
7.239131,0.569820
7.245376,0.764166
7.251586,0.958513
7.257762,1.152861
7.263905,1.347211
7.270014,1.541561
7.276089,1.735912
7.282132,1.930265
7.288144,2.124619
7.294125,2.318974
7.300076,2.513330
7.305998,2.707687
7.311893,2.902045
7.317920,3.086443
7.322341,3.232442
7.325031,3.339557
7.326641,3.407769
7.327817,3.437069
7.328008,3.438136
7.328007,3.438136
7.328007,3.438136
7.328007,3.438136
7.328007,3.438136
7.328006,3.438136
7.330713,3.438872
7.337381,3.438042
7.344083,3.437510
7.350804,3.437276
7.357531,3.437343
7.364249,3.437656
7.370975,3.438107
7.377666,3.438877
7.384312,3.439951
7.390901,3.441326
7.397420,3.442997
7.403855,3.444962
7.410193,3.447215
7.416421,3.449750
7.422528,3.452562
7.428500,3.455647
7.434327,3.458996
7.439996,3.462604
7.445497,3.466461
7.450819,3.470561
7.455951,3.474894
7.460883,3.479452
7.465606,3.484225
7.470112,3.489204
7.474390,3.494378
7.478433,3.499738
7.482234,3.505271
7.485784,3.510969
7.489079,3.516819
7.492112,3.522814
7.494875,3.528938
7.497364,3.535179
7.499574,3.541524
7.501500,3.547962
7.503074,3.554204
7.503729,3.559238
7.504424,3.563188
7.504890,3.566318
7.505198,3.568782
7.505398,3.570719
7.505528,3.572266
7.505601,3.573452
7.505633,3.574371
7.505619,3.575093
7.505545,3.575648
7.505423,3.576067
7.505333,3.576393
7.505297,3.576520
7.505297,3.576520
7.505297,3.576519
7.505297,3.576519
7.505297,3.576519
7.497642,3.577714
7.453468,3.576031
7.370810,3.567569
7.250049,3.550382
7.090781,3.521462
6.900972,3.479925
6.710328,3.442842
6.519165,3.409391
6.327730,3.378897
6.135829,3.350746
5.943550,3.324580
5.750953,3.300149
5.558107,3.277146
5.365052,3.255363
5.171825,3.234605
4.978456,3.214699
4.784972,3.195487
4.591398,3.176842
4.397745,3.158673
4.204093,3.140886
4.010385,3.123368
3.816630,3.106050
3.622852,3.088885
3.429070,3.071835
3.235296,3.054851
3.041533,3.037883
2.847779,3.020892
2.669909,3.006687
2.538348,2.995787
2.445645,2.986802
2.391597,2.981827
2.375885,2.982857
2.398020,2.991864
2.457683,3.010836
2.542128,3.038204
2.617766,3.055986
2.689583,3.056281
2.715468,3.048287
2.706045,3.046744
2.698286,3.045495
2.691800,3.044531
2.686637,3.043850
2.682277,3.043318
2.678597,3.042905
2.675550,3.042615
2.672999,3.042421
2.670934,3.042286
2.670096,3.042242
2.670074,3.042242
2.670051,3.042243
2.670029,3.042243
2.670006,3.042244
2.669984,3.042244
2.669961,3.042245
2.669937,3.042246
2.669912,3.042245
2.669886,3.042245
2.683375,3.037958
2.696543,3.039734
2.697278,3.046419
2.697714,3.053130
2.697851,3.059855
2.697682,3.066580
2.697351,3.073304
2.696792,3.080019
2.695923,3.086697
2.694752,3.093327
2.693282,3.099895
2.691517,3.106389
2.689460,3.112794
2.687117,3.119098
2.684491,3.125289
2.681590,3.131354
2.678591,3.136979
2.679152,3.142581
2.676990,3.146117
2.675226,3.148854
2.673794,3.150989
2.672669,3.152614
2.671737,3.153929
2.671016,3.154929
2.670441,3.155720
2.669994,3.156337
2.669653,3.156818
2.669393,3.157199
2.669213,3.157497
2.669113,3.157612
2.669099,3.157587
2.669086,3.157565
2.669074,3.157544
2.669062,3.157523
2.678042,3.162995
2.677444,3.153367
2.648336,3.117014
2.588158,3.056601
2.494787,2.974847
2.381128,2.890924
2.264894,2.813679
2.144423,2.713085
2.024027,2.579347
1.900294,2.429399
1.776716,2.279317
1.653256,2.129122
1.529849,1.978872
1.406442,1.828611
1.282994,1.678376
1.159471,1.528197
1.035849,1.378095
0.912108,1.228087
0.788238,1.078183
0.664226,0.928395
0.540068,0.778727
0.415757,0.629186
0.291294,0.479772
0.166679,0.330485
0.041911,0.181325
-0.071112,0.054546
-0.146425,-0.027754
-0.194414,-0.083010
-0.223241,-0.123375
-0.236107,-0.134031
-0.217522,-0.088188
-0.126023,0.015274
-0.114607,0.025398
-0.105283,0.029805
-0.097574,0.033343
-0.091239,0.036240
-0.085950,0.038684
-0.081620,0.040759
-0.077938,0.042545
-0.074790,0.044083
-0.072234,0.045412
-0.070164,0.046553
-0.068456,0.047570
-0.067077,0.048459
-0.066508,0.048819
-0.066520,0.048803
-0.066531,0.048787
-0.066543,0.048771
-0.066554,0.048754
-0.066566,0.048738
-0.066578,0.048721
-0.066589,0.048705
-0.066601,0.048689
-0.066613,0.048672
-0.066624,0.048656
-0.066636,0.048639
-0.066647,0.048623
-0.066659,0.048606
-0.066671,0.048590
-0.066682,0.048573
-0.066694,0.048557
-0.066706,0.048540
-0.066717,0.048524
-0.066729,0.048507
-0.066741,0.048491
-0.066752,0.048474
-0.066764,0.048458
-0.066776,0.048441
-0.066787,0.048425
-0.066799,0.048408
-0.066811,0.048392
-0.066822,0.048375
-0.066834,0.048359
-0.066846,0.048343
-0.066857,0.048326
-0.066869,0.048310
-0.066880,0.048293
-0.066892,0.048277
-0.066904,0.048260
-0.066915,0.048244
-0.066927,0.048227
-0.066939,0.048211
-0.066950,0.048194
-0.066962,0.048178
-0.066974,0.048161
-0.066985,0.048145
-0.066997,0.048128
-0.067009,0.048112
-0.067020,0.048095
-0.067032,0.048079
-0.067044,0.048062
-0.067055,0.048046
-0.067067,0.048030
-0.067079,0.048013
-0.067090,0.047997
-0.067102,0.047980
-0.067114,0.047964
-0.067125,0.047947
-0.067137,0.047931
-0.067149,0.047914
-0.067160,0.047898
-0.067172,0.047881
-0.067184,0.047865
-0.067195,0.047848
-0.067207,0.047832
-0.067219,0.047815
-0.067230,0.047799
-0.067242,0.047782
-0.067254,0.047766
-0.067265,0.047750
-0.067277,0.047733
-0.067289,0.047717
-0.067300,0.047700
-0.067312,0.047684
-0.067324,0.047667
-0.067335,0.047651
-0.067347,0.047634
-0.067358,0.047618
-0.067370,0.047601
-0.067382,0.047585
-0.067393,0.047568
-0.067405,0.047552
-0.067417,0.047535
-0.067428,0.047519
-0.067440,0.047503
-0.067452,0.047486
-0.067464,0.047470
-0.067475,0.047453
-0.067487,0.047437
-0.067499,0.047420
-0.067510,0.047404
-0.067522,0.047387
-0.067534,0.047371
-0.067545,0.047354
-0.067557,0.047338
-0.067569,0.047321
-0.067580,0.047305
-0.067592,0.047289
-0.067604,0.047272
-0.067615,0.047256
-0.067627,0.047239
-0.067639,0.047223
-0.067650,0.047206
-0.067662,0.047190
-0.067674,0.047173
-0.067685,0.047157
-0.067697,0.047140
-0.067709,0.047124
-0.066350,0.048183
-0.060711,0.046490
-0.057231,0.040933
-0.053998,0.035213
-0.051016,0.029340
-0.048279,0.023318
-0.045793,0.017157
-0.043567,0.010875
-0.041616,0.004500
-0.039937,-0.001963
-0.038545,-0.008500
-0.037444,-0.015095
-0.036632,-0.021734
-0.036119,-0.028405
-0.035712,-0.035009
-0.034896,-0.041298
-0.033569,-0.047256
-0.031552,-0.052841
-0.028996,-0.058218
-0.026282,-0.063573
-0.025062,-0.069380
-0.026397,-0.075868
-0.028078,-0.082296
-0.030109,-0.088677
-0.032429,-0.094963
-0.035030,-0.101141
-0.037901,-0.107197
-0.041033,-0.113118
-0.044421,-0.118894
-0.048060,-0.124514
-0.051946,-0.129966
-0.056069,-0.135241
-0.060424,-0.140326
-0.065000,-0.145213
-0.069790,-0.149890
-0.074783,-0.154349
-0.079970,-0.158580
-0.085341,-0.162574
-0.090885,-0.166325
-0.096591,-0.169823
-0.102447,-0.173062
-0.108442,-0.176036
-0.114564,-0.178739
-0.120800,-0.181165
-0.127138,-0.183311
-0.133566,-0.185172
-0.140070,-0.186744
-0.146640,-0.188025
-0.153264,-0.189006
-0.159931,-0.189688
-0.166626,-0.190073
-0.173132,-0.190615
-0.179297,-0.191610
-0.185124,-0.193185
-0.190601,-0.195430
-0.195949,-0.198137
-0.201338,-0.200776
-0.207567,-0.200516
-0.214023,-0.199059
-0.220392,-0.197323
-0.226669,-0.195293
-0.232841,-0.192980
-0.238897,-0.190389
-0.244806,-0.187552
-0.250577,-0.184440
-0.256197,-0.181065
-0.261655,-0.177428
-0.266930,-0.173563
-0.272003,-0.169478
-0.276839,-0.165198
-0.280894,-0.162134
-0.284080,-0.158839
-0.286420,-0.156269
-0.288216,-0.154206
-0.289535,-0.152625
-0.290545,-0.151382
-0.291387,-0.150374
-0.292099,-0.149547
-0.292594,-0.148954
-0.292904,-0.148572
-0.293167,-0.148263
-0.293421,-0.148024
-0.293652,-0.147820
-0.293733,-0.147724
-0.293724,-0.147708
-0.293724,-0.147708
-0.293724,-0.147708
-0.293724,-0.147708
-0.293603,-0.145493
-0.272088,-0.119370
-0.222661,-0.066045
-0.144360,0.013518
-0.036247,0.118315
0.103280,0.245231
0.245518,0.377171
0.385688,0.511420
0.524149,0.647513
0.661185,0.785118
0.797065,0.923920
0.931986,1.063708
1.066138,1.204280
1.199686,1.345459
1.332741,1.487130
1.465412,1.629185
1.597781,1.771541
1.729923,1.914123
1.861897,2.056874
1.993750,2.199748
2.125520,2.342706
2.257238,2.485719
2.388929,2.628762
2.520613,2.771815
2.640239,2.903317
2.731720,3.002882
2.797550,3.073165
2.836727,3.115116
2.848314,3.129709
2.831431,3.118048
2.785492,3.081492
2.749845,3.051373
2.734723,3.032595
2.723462,3.017426
2.714456,3.004783
2.707181,2.994233
2.701368,2.985628
2.696641,2.978540
2.692787,2.972726
2.689623,2.967956
2.686970,2.963987
2.684822,2.960833
2.683035,2.958267
2.681543,2.956191
2.680280,2.954498
2.679845,2.953937
2.679857,2.953957
2.679869,2.953977
2.679880,2.953997
2.679892,2.954016
2.679903,2.954035
2.679914,2.954054
2.679926,2.954073
2.679937,2.954092
2.679949,2.954111
2.665828,2.941182
2.658899,2.940902
2.655256,2.946342
2.651859,2.951954
2.648708,2.957725
2.645805,2.963648
2.643149,2.969718
2.640748,2.975920
2.638610,2.982236
2.636749,2.988640
2.635168,2.995125
2.633867,3.001680
2.632861,3.008296
2.632148,3.014948
2.631734,3.021611
2.630568,3.027169
2.629864,3.031643
2.629507,3.035357
2.629298,3.038345
2.629332,3.040764
2.629386,3.042692
2.629390,3.044173
2.629327,3.045310
2.629290,3.046216
2.629242,3.046929
2.629213,3.047487
2.629203,3.047927
2.629191,3.048267
2.629147,3.048388
2.629179,3.048394
2.629211,3.048399
2.629242,3.048403
2.629271,3.048406
2.631620,3.049855
2.665671,3.053020
2.738640,3.056434
2.850546,3.059025
3.001734,3.059798
3.190683,3.055878
3.384798,3.053045
3.578983,3.052574
3.773217,3.054070
3.967476,3.057091
4.161739,3.061518
4.356009,3.067144
4.550290,3.073720
4.744569,3.081034
4.938846,3.088943
5.133124,3.097312
5.327402,3.106041
5.521673,3.115036
5.715934,3.124236
5.910188,3.133585
6.104444,3.143038
6.298699,3.152561
6.492955,3.162125
6.687212,3.171706
6.881471,3.181284
7.075237,3.190852
7.232328,3.199610
7.350472,3.204990
7.429764,3.208188
7.470223,3.210331
7.472693,3.212807
7.436836,3.216751
7.362766,3.223326
7.297839,3.230414
7.274416,3.229299
7.260123,3.225965
7.248583,3.222989
7.239078,3.220341
7.231479,3.218138
7.225233,3.216258
7.220174,3.214717
7.216055,3.213463
7.212698,3.212456
7.209957,3.211662
7.207701,3.211038
7.206015,3.210602
7.206015,3.210602
7.206015,3.210603
7.206015,3.210603
7.206015,3.210603
7.206015,3.210603
7.206015,3.210604
7.206016,3.210604
7.206016,3.210604
7.206016,3.210605
7.205290,3.210483
7.186901,3.212961
7.184193,3.218325
7.183173,3.224188
7.184529,3.230671
7.186270,3.237120
7.188321,3.243495
7.190660,3.249775
7.193279,3.255945
7.196166,3.261992
7.199315,3.267905
7.202719,3.273671
7.206375,3.279280
7.210276,3.284721
7.214415,3.289984
7.218784,3.295057
7.223375,3.299930
7.228177,3.304593
7.233184,3.309038
7.238383,3.313254
7.243765,3.317233
7.249320,3.320967
7.255036,3.324448
7.260901,3.327671
7.266906,3.330627
7.273036,3.333312
7.279279,3.335720
7.285624,3.337847
7.292057,3.339688
7.298566,3.341242
7.305140,3.342503
7.311767,3.343465
7.318437,3.344127
7.325128,3.344503
7.331617,3.345071
7.337517,3.346432
7.342353,3.347488
7.345820,3.349185
7.348728,3.350283
7.351068,3.351354
7.352987,3.352322
7.354562,3.353095
7.355873,3.353725
7.356954,3.354243
7.357866,3.354649
7.358613,3.354899
7.359240,3.355022
7.359757,3.355106
7.360169,3.355157
7.360499,3.355185
7.360752,3.355201
7.360750,3.355179
7.360748,3.355156
7.360746,3.355131
7.360745,3.355105
7.360817,3.355288
7.362303,3.341301
7.362170,3.288444
7.359474,3.196711
7.353406,3.066075
7.342247,2.896219
7.326003,2.702780
7.312246,2.509089
7.300484,2.315225
7.290382,2.121226
7.281623,1.927128
7.273968,1.732955
7.267207,1.538725
7.261167,1.344451
7.255708,1.150142
7.250707,0.955807
7.246063,0.761452
7.241703,0.567080
7.237559,0.372695
7.233579,0.178300
7.229719,-0.016103
7.225941,-0.210511
7.222218,-0.404925
7.218525,-0.599341
7.214845,-0.793761
7.211163,-0.988181
7.207466,-1.182603
7.203747,-1.377026
7.199998,-1.571449
7.196212,-1.765872
7.192387,-1.960294
7.188519,-2.154716
7.184608,-2.349137
7.180650,-2.543558
7.176646,-2.737977
7.172596,-2.932395
7.168501,-3.126812
7.164362,-3.321228
7.160178,-3.515643
7.155953,-3.710056
7.151686,-3.904469
7.147379,-4.098880
7.143033,-4.293290
7.138650,-4.487700
7.134231,-4.682108
7.129836,-4.876013
7.127024,-5.036220
7.123814,-5.157503
7.121199,-5.239860
7.120193,-5.283344
7.121811,-5.288113
7.127090,-5.254315
7.137027,-5.181896
7.151031,-5.083680
7.162007,-5.017246
7.164158,-4.992606
7.161007,-4.983247
7.158225,-4.975692
7.155838,-4.969646
7.153819,-4.964780
7.152171,-4.960919
7.150819,-4.957808
7.149736,-4.955308
7.148867,-4.953270
7.148189,-4.951625
7.147683,-4.950318
7.147299,-4.949241
7.147159,-4.948819
7.147159,-4.948819
7.147159,-4.948819
7.147160,-4.948819
7.147160,-4.948819
7.147160,-4.948819
7.147161,-4.948820
7.147161,-4.948820
7.147161,-4.948820
7.147161,-4.948820
7.148439,-4.938043
7.154793,-4.938691
7.161247,-4.940154
7.167612,-4.941899
7.173881,-4.943927
7.180049,-4.946247
7.186102,-4.948853
7.192007,-4.951696
7.197791,-4.954845
7.203406,-4.958228
7.208857,-4.961864
7.214124,-4.965737
7.219187,-4.969823
7.224049,-4.974142
7.228702,-4.978678
7.233138,-4.983428
7.237360,-4.988383
7.241365,-4.993535
7.245137,-4.998875
7.248676,-5.004389
7.251965,-5.010071
7.255010,-5.015910
7.257804,-5.021897
7.260350,-5.028026
7.262638,-5.034280
7.264655,-5.040635
7.266397,-5.047078
7.267856,-5.053598
7.269036,-5.060178
7.269924,-5.066802
7.270512,-5.073463
7.270892,-5.080105
7.272164,-5.085683
7.273961,-5.089901
7.274171,-5.093859
7.274291,-5.097030
7.274339,-5.099529
7.274316,-5.101482
7.274332,-5.103031
7.274389,-5.104260
7.274384,-5.105249
7.274429,-5.106009
7.274467,-5.106610
7.274494,-5.107077
7.274506,-5.107432
7.274518,-5.107704
7.274492,-5.107705
7.274465,-5.107705
7.274438,-5.107706
7.274410,-5.107707
7.274713,-5.107742
7.263020,-5.109084
7.212783,-5.110684
7.123689,-5.112105
6.995608,-5.112851
6.828398,-5.112411
6.634603,-5.109638
6.440292,-5.107849
6.245951,-5.107033
6.051589,-5.107009
5.857197,-5.107639
5.662799,-5.108755
5.468398,-5.110392
5.273977,-5.112515
5.079537,-5.115016
4.885080,-5.117807
4.690619,-5.120815
4.496166,-5.123996
4.301711,-5.127310
4.107253,-5.130722
3.912793,-5.134210
3.718333,-5.137752
3.523871,-5.141330
3.339211,-5.145210
3.192847,-5.147940
3.085351,-5.149399
3.016809,-5.150213
2.987174,-5.151048
2.986028,-5.151227
2.986000,-5.151227
2.985972,-5.151227
2.985944,-5.151227
2.985915,-5.151228
2.985699,-5.151236
2.984526,-5.146340
2.985457,-5.139685
2.986090,-5.132992
2.986427,-5.126276
2.986464,-5.119549
2.986197,-5.112835
2.985833,-5.106102
2.985169,-5.099398
2.984199,-5.092735
2.982927,-5.086125
2.981358,-5.079580
2.979495,-5.073115
2.977342,-5.066742
2.974903,-5.060475
2.972185,-5.054325
2.969193,-5.048305
2.965933,-5.042427
2.962412,-5.036702
2.958639,-5.031143
2.954620,-5.025759
2.950365,-5.020561
2.945882,-5.015560
2.941180,-5.010765
2.936269,-5.006184
2.931160,-5.001828
2.925861,-4.997704
2.920385,-4.993821
2.914741,-4.990185
2.908938,-4.986801
2.902990,-4.983678
2.896908,-4.980822
2.890706,-4.978239
2.884395,-4.975933
2.878293,-4.974221
2.873382,-4.972962
2.869394,-4.972013
2.866319,-4.971369
2.863819,-4.970903
2.861844,-4.970577
2.860335,-4.970359
2.859137,-4.970209
2.858210,-4.970114
2.857477,-4.970059
2.856912,-4.970051
2.856473,-4.970100
2.856155,-4.970206
2.856031,-4.970248
2.856031,-4.970248
2.856031,-4.970248
2.856031,-4.970248
2.856032,-4.970248
2.854574,-4.977344
2.853553,-5.021352
2.857066,-5.104154
2.866974,-5.225619
2.886101,-5.386131
2.916108,-5.577557
2.941752,-5.769403
2.964118,-5.961760
2.983655,-6.154561
3.000764,-6.347726
3.015822,-6.541176
3.026393,-6.719147
3.033878,-6.850854
3.040406,-6.943651
3.043942,-6.997705
3.042457,-7.013286
3.033947,-6.990836
3.026937,-6.913785
3.024396,-6.880107
3.025265,-6.857707
3.027499,-6.841435
3.029537,-6.828018
3.031315,-6.816986
3.032870,-6.807683
3.034134,-6.800047
3.035166,-6.793677
3.035973,-6.788378
3.036592,-6.783947
3.037049,-6.780239
3.037382,-6.777051
3.037576,-6.774434
3.037653,-6.772196
3.037663,-6.770357
3.037669,-6.770383
3.037671,-6.770412
3.037673,-6.770442
3.037675,-6.770472
3.037677,-6.770501
3.037678,-6.770531
3.037680,-6.770560
3.037682,-6.770589
3.037684,-6.770619
3.037685,-6.770648
3.038929,-6.751731
3.045277,-6.752343
3.051738,-6.753792
3.058110,-6.755529
3.064388,-6.757552
3.070559,-6.759853
3.076618,-6.762443
3.082530,-6.765275
3.088311,-6.768394
3.093936,-6.771772
3.099391,-6.775392
3.104668,-6.779251
3.109742,-6.783329
3.114614,-6.787637
3.119278,-6.792162
3.123724,-6.796902
3.127956,-6.801846
3.131971,-6.806989
3.135755,-6.812317
3.139307,-6.817827
3.142608,-6.823502
3.145664,-6.829332
3.148471,-6.835313
3.151028,-6.841435
3.153330,-6.847685
3.155361,-6.854035
3.157115,-6.860473
3.158589,-6.866990
3.159783,-6.873567
3.160685,-6.880189
3.161289,-6.886848
3.161614,-6.892677
3.165779,-6.895117
3.166126,-6.898743
3.166319,-6.901656
3.166428,-6.903946
3.166461,-6.905813
3.166498,-6.907293
3.166567,-6.908422
3.166624,-6.909294
3.166659,-6.909988
3.166681,-6.910525
3.166777,-6.910934
3.166924,-6.911266
3.166970,-6.911407
3.166938,-6.911414
3.166905,-6.911421
3.166874,-6.911426
3.166845,-6.911430
3.173075,-6.909400
3.158076,-6.907910
3.104450,-6.911702
3.012419,-6.922276
2.882276,-6.941529
2.711740,-6.973667
2.521251,-7.011460
2.329966,-7.044301
2.138330,-7.073083
1.946266,-7.098631
1.753769,-7.121594
1.560895,-7.142294
1.367737,-7.161118
1.174339,-7.178335
0.980747,-7.194201
0.787000,-7.208951
0.593129,-7.222785
0.399155,-7.235862
0.205097,-7.248333
0.010967,-7.260311
-0.183185,-7.271895
-0.377347,-7.283194
-0.571557,-7.294286
-0.765792,-7.305233
-0.960019,-7.316079
-1.138138,-7.324862
-1.269791,-7.331577
-1.362533,-7.337337
-1.416487,-7.340463
-1.431847,-7.339284
-1.408962,-7.332142
-1.363859,-7.323925
-1.328608,-7.320543
-1.304880,-7.320454
-1.286138,-7.321175
-1.270561,-7.321997
-1.257547,-7.322812
-1.246530,-7.323578
-1.237478,-7.324211
-1.230029,-7.324726
-1.223799,-7.325132
-1.218630,-7.325421
-1.214333,-7.325629
-1.210732,-7.325752
-1.207758,-7.325793
-1.205256,-7.325763
-1.203161,-7.325699
-1.202261,-7.325675
-1.202292,-7.325679
-1.202323,-7.325683
-1.202353,-7.325687
-1.202382,-7.325689
-1.202411,-7.325692
-1.202440,-7.325694
-1.202468,-7.325696
-1.202497,-7.325698
-1.202525,-7.325700
-1.186967,-7.324060
-1.180242,-7.328010
-1.177658,-7.333407
-1.178594,-7.339831
-1.180110,-7.346276
-1.182017,-7.352694
-1.184214,-7.359022
-1.186696,-7.365248
-1.189452,-7.371358
-1.192472,-7.377338
-1.195751,-7.383178
-1.199283,-7.388866
-1.203064,-7.394391
-1.207086,-7.399744
-1.211343,-7.404911
-1.215825,-7.409884
-1.220524,-7.414653
-1.225431,-7.419206
-1.230537,-7.423536
-1.235830,-7.427633
-1.241301,-7.431489
-1.246938,-7.435097
-1.252731,-7.438448
-1.258668,-7.441536
-1.264737,-7.444356
-1.270927,-7.446901
-1.277223,-7.449167
-1.283614,-7.451150
-1.290087,-7.452846
-1.296629,-7.454253
-1.303231,-7.455363
-1.309881,-7.456174
-1.316568,-7.456682
-1.323197,-7.457070
-1.329485,-7.457868
-1.334172,-7.459559
-1.337121,-7.463499
-1.340849,-7.463491
-1.343735,-7.463425
-1.345983,-7.463414
-1.347805,-7.463318
-1.349264,-7.463206
-1.350381,-7.463140
-1.351263,-7.463117
-1.351951,-7.463142
-1.352487,-7.463187
-1.352908,-7.463188
-1.353233,-7.463182
-1.353368,-7.463164
-1.353371,-7.463133
-1.353374,-7.463102
-1.353376,-7.463072
-1.353379,-7.463041
-1.351891,-7.469156
-1.348405,-7.456389
-1.346983,-7.404833
-1.349566,-7.314470
-1.357991,-7.185367
-1.376345,-7.016122
-1.400449,-6.824704
-1.419197,-6.632484
-1.433579,-6.439704
-1.444180,-6.246494
-1.451518,-6.052962
-1.456159,-5.859224
-1.458491,-5.665310
-1.458853,-5.471181
-1.457566,-5.276799
-1.454928,-5.082214
-1.450889,-4.887625
-1.445681,-4.693111
-1.439599,-4.498636
-1.432848,-4.304210
-1.425614,-4.109823
-1.418034,-3.915478
-1.410224,-3.721162
-1.402262,-3.526866
-1.394305,-3.373575
-1.389675,-3.261247
-1.387090,-3.187769
-1.384867,-3.153153
-1.381334,-3.157244
-1.374823,-3.200019
-1.364573,-3.272717
-1.361441,-3.310853
-1.365106,-3.326842
-1.368446,-3.340034
-1.371385,-3.350908
-1.373975,-3.360065
-1.376130,-3.367640
-1.377942,-3.374012
-1.379391,-3.379262
-1.380570,-3.383702
-1.381510,-3.387448
-1.382223,-3.390562
-1.382757,-3.393171
-1.383147,-3.395393
-1.383398,-3.397237
-1.383412,-3.397297
-1.383414,-3.397267
-1.383415,-3.397236
-1.383417,-3.397206
-1.383419,-3.397176
-1.383420,-3.397145
-1.383422,-3.397115
-1.383424,-3.397084
-1.383426,-3.397054
-1.383427,-3.397024
-1.385496,-3.416590
-1.391931,-3.415061
-1.398280,-3.413241
-1.404528,-3.411144
-1.410670,-3.408761
-1.416688,-3.406106
-1.422563,-3.403199
-1.428299,-3.400013
-1.433875,-3.396574
-1.439287,-3.392879
-1.444509,-3.388953
-1.449526,-3.384817
-1.454341,-3.380452
-1.458946,-3.375865
-1.463332,-3.371068
-1.467506,-3.366067
-1.471458,-3.360872
-1.475179,-3.355492
-1.478661,-3.349935
-1.481896,-3.344215
-1.484882,-3.338345
-1.487620,-3.332324
-1.490109,-3.326165
-1.492338,-3.319884
-1.494291,-3.313509
-1.495761,-3.307885
-1.496765,-3.303390
-1.497447,-3.299837
-1.497906,-3.297062
-1.498227,-3.294878
-1.498458,-3.293146
-1.498592,-3.291779
-1.498636,-3.290689
-1.498613,-3.289821
-1.498606,-3.289162
-1.498609,-3.288659
-1.498625,-3.288271
-1.498634,-3.287978
-1.498610,-3.287949
-1.498585,-3.287940
-1.498561,-3.287934
-1.498538,-3.287927
-1.498515,-3.287920
-1.505455,-3.292457
-1.477491,-3.285978
-1.412847,-3.266445
-1.312005,-3.232448
-1.175456,-3.182688
-1.003041,-3.113106
-0.821692,-3.041962
-0.638947,-2.974868
-0.455172,-2.911070
-0.270505,-2.849932
-0.085117,-2.790932
0.100846,-2.733754
0.287251,-2.678065
0.473986,-2.623561
0.626811,-2.581358
0.740582,-2.548650
0.816824,-2.526204
0.855929,-2.515304
0.858407,-2.517189
0.824737,-2.533155
0.755331,-2.564456
0.684583,-2.597627
0.654958,-2.609290
0.643874,-2.607780
0.634898,-2.606458
0.627404,-2.605249
0.621075,-2.604191
0.615819,-2.603368
0.611464,-2.602718
0.607822,-2.602214
0.604804,-2.601866
0.602288,-2.601638
0.600197,-2.601518
0.598430,-2.601483
0.597586,-2.601487
0.597618,-2.601475
0.597650,-2.601463
0.597677,-2.601455
0.597702,-2.601449
0.597727,-2.601444
0.597751,-2.601438
0.597776,-2.601433
0.597800,-2.601428
0.597824,-2.601423
0.585591,-2.605845
0.580191,-2.612694
0.580895,-2.619393
0.581905,-2.626050
0.583214,-2.632653
0.584821,-2.639188
0.586721,-2.645642
0.588911,-2.652003
0.591386,-2.658256
0.594140,-2.664390
0.597167,-2.670392
0.600460,-2.676252
0.604013,-2.681956
0.607818,-2.687493
0.611868,-2.692854
0.616152,-2.698027
0.620664,-2.703003
0.625393,-2.707771
0.630329,-2.712323
0.635464,-2.716650
0.640786,-2.720744
0.646284,-2.724596
0.651948,-2.728200
0.657770,-2.731551
0.663737,-2.734640
0.669834,-2.737462
0.676051,-2.740010
0.682375,-2.742280
0.688795,-2.744268
0.695296,-2.745969
0.701868,-2.747381
0.708495,-2.748500
0.714643,-2.749870
0.719810,-2.750309
0.723884,-2.750516
0.727074,-2.750588
0.729561,-2.750583
0.731478,-2.750519
0.732979,-2.750371
0.734144,-2.750241
0.735066,-2.750136
0.735777,-2.750049
0.736347,-2.749969
0.736778,-2.749893
0.737119,-2.749832
0.737138,-2.749829
0.737138,-2.749829
0.737138,-2.749829
0.737138,-2.749829
0.737137,-2.749829
0.737745,-2.742909
0.729732,-2.699458
0.711127,-2.618486
0.680574,-2.500438
0.636728,-2.345677
0.578472,-2.161229
0.522768,-1.974822
0.469762,-1.787609
0.419009,-1.599755
0.370081,-1.411409
0.322731,-1.222694
0.276644,-1.033687
0.231606,-0.844431
0.187401,-0.654962
0.143880,-0.465347
0.100927,-0.275620
0.058416,-0.085811
0.024576,0.072665
-0.002253,0.191880
-0.021117,0.273002
-0.030737,0.316350
-0.029840,0.322334
-0.017128,0.291385
0.008663,0.223813
0.045772,0.128259
0.074444,0.059678
0.084225,0.033193
0.081078,0.027115
0.076502,0.025077
0.072726,0.023455
0.069786,0.022123
0.067395,0.021008
0.065475,0.020066
0.063972,0.019266
0.062797,0.018578
0.061903,0.017984
0.061255,0.017478
0.060783,0.017040
0.060456,0.016658
0.060436,0.016645
0.060435,0.016645
0.060435,0.016645
0.060435,0.016645
0.060434,0.016645
0.060434,0.016645
0.060434,0.016645
0.060434,0.016645
0.060433,0.016645
0.060433,0.016645
0.056986,0.012363
0.051039,0.011014
0.045455,0.008982
0.040078,0.006407
0.034715,0.003697
0.028864,0.002633
0.022380,0.003985
0.015979,0.005631
0.009668,0.007559
0.003460,0.009771
-0.002640,0.012271
-0.008601,0.015025
-0.014428,0.018051
-0.020097,0.021329
-0.025611,0.024873
-0.030946,0.028651
-0.036091,0.032664
-0.041028,0.036894
-0.045761,0.041347
-0.050281,0.046018
-0.054583,0.050897
-0.058671,0.055975
-0.062531,0.061242
-0.066161,0.066693
-0.069543,0.072315
-0.072681,0.078095
-0.075569,0.084027
-0.078210,0.090103
-0.080598,0.096314
-0.082720,0.102635
-0.084564,0.109042
-0.086130,0.115533
-0.087418,0.122096
-0.088417,0.128704
-0.089119,0.135351
-0.089528,0.142023
-0.090070,0.148522
-0.091087,0.154675
-0.092642,0.160506
-0.094879,0.165983
-0.097579,0.171329
-0.100230,0.176714
-0.100004,0.182935
-0.098553,0.189392
-0.096820,0.195759
-0.094801,0.202029
-0.092498,0.208196
-0.089928,0.214237
-0.087096,0.220144
-0.083996,0.225908
-0.080632,0.231518
-0.077017,0.236963
-0.073158,0.242233
-0.069062,0.247318
-0.064736,0.252203
-0.060184,0.256890
-0.055416,0.261366
-0.050455,0.265621
-0.045279,0.269667
-0.039907,0.273500
-0.034347,0.277104
-0.028614,0.280470
-0.022721,0.283590
-0.016690,0.286453
-0.010531,0.289053
-0.004263,0.291380
0.002104,0.293429
0.008552,0.295200
0.015071,0.296683
0.020850,0.297740
0.025443,0.298409
0.029025,0.298807
0.031797,0.299059
0.034028,0.299181
0.035789,0.299221
0.037174,0.299257
0.038272,0.299287
0.039144,0.299311
0.039814,0.299328
0.040318,0.299344
0.040714,0.299363
0.041010,0.299373
0.041051,0.299347
0.041059,0.299316
0.041066,0.299288
0.041071,0.299261
0.041077,0.299234
0.037130,0.306936
0.041072,0.280512
0.055069,0.216453
0.080606,0.115135
0.118979,-0.023015
0.174131,-0.198778
0.231185,-0.384936
0.284194,-0.572064
0.334017,-0.760157
0.381112,-0.948974
0.425986,-1.138342
0.469007,-1.328116
0.510493,-1.518206
0.550755,-1.708531
0.590065,-1.899083
0.628591,-2.089788
0.666474,-2.280601
0.703880,-2.471489
0.740919,-2.662435
0.770101,-2.821105
0.793032,-2.939225
0.809080,-3.019041
0.816981,-3.060824
0.815434,-3.064974
0.803162,-3.031847
0.778900,-2.961727
0.751805,-2.886562
0.740443,-2.852436
0.742328,-2.841894
0.744114,-2.833174
0.745652,-2.825926
0.746966,-2.819856
0.748041,-2.814812
0.748910,-2.810632
0.749582,-2.807141
0.750088,-2.804235
0.750448,-2.801795
0.750684,-2.799751
0.750800,-2.798021
0.750838,-2.797137
0.750847,-2.797170
0.750856,-2.797203
0.750864,-2.797234
0.750870,-2.797264
0.750874,-2.797292
0.750878,-2.797319
0.750882,-2.797345
0.750886,-2.797372
0.750890,-2.797399
0.748459,-2.787011
0.754314,-2.785464
0.760052,-2.783729
0.765485,-2.781365
0.770828,-2.778613
0.776245,-2.776099
0.782716,-2.777206
0.789154,-2.778728
0.795499,-2.780530
0.801754,-2.782632
0.807897,-2.785008
0.813919,-2.787662
0.819798,-2.790569
0.825540,-2.793755
0.831119,-2.797186
0.836536,-2.800879
0.841762,-2.804801
0.846786,-2.808936
0.851604,-2.813304
0.856213,-2.817885
0.860604,-2.822678
0.864781,-2.827678
0.868736,-2.832866
0.872462,-2.838243
0.875948,-2.843796
0.879186,-2.849511
0.882178,-2.855381
0.884921,-2.861400
0.887413,-2.867556
0.889647,-2.873835
0.893643,-2.877577
0.894970,-2.882501
0.895924,-2.886485
0.896567,-2.889569
0.897013,-2.892028
0.897357,-2.893934
0.897597,-2.895440
0.897747,-2.896637
0.897820,-2.897609
0.897812,-2.898385
0.897797,-2.898970
0.897809,-2.899418
0.897821,-2.899771
0.897830,-2.900043
0.897809,-2.900084
0.897783,-2.900094
0.897761,-2.900102
0.897739,-2.900108
0.897716,-2.900116
0.901847,-2.896485
0.872258,-2.904440
0.806390,-2.926532
0.704753,-2.964103
0.567860,-3.018416
0.396024,-3.093282
0.216599,-3.169075
0.035752,-3.241108
-0.146156,-3.310069
-0.328945,-3.376544
-0.512494,-3.440984
-0.696642,-3.503727
-0.881246,-3.565102
-1.056313,-3.621086
-1.189568,-3.663300
-1.285419,-3.694699
-1.344279,-3.714022
-1.366603,-3.720081
-1.353020,-3.711629
-1.303908,-3.687430
-1.226121,-3.649213
-1.173558,-3.622027
-1.155644,-3.619116
-1.143485,-3.619284
-1.133300,-3.619621
-1.124879,-3.619977
-1.117877,-3.620273
-1.112016,-3.620499
-1.107158,-3.620659
-1.103108,-3.620758
-1.099752,-3.620780
-1.096971,-3.620732
-1.094646,-3.620627
-1.092714,-3.620469
-1.091709,-3.620348
-1.091709,-3.620348
-1.091709,-3.620348
-1.091709,-3.620348
-1.091709,-3.620348
-1.091709,-3.620349
-1.091709,-3.620349
-1.091709,-3.620349
-1.091709,-3.620350
-1.091709,-3.620350
-1.081500,-3.616438
-1.072551,-3.608944
-1.073424,-3.602268
-1.074600,-3.595640
-1.076075,-3.589073
-1.077845,-3.582581
-1.079907,-3.576178
-1.082256,-3.569875
-1.084886,-3.563687
-1.087793,-3.557624
-1.090969,-3.551700
-1.094408,-3.545926
-1.098102,-3.540313
-1.102044,-3.534872
-1.106225,-3.529615
-1.110637,-3.524550
-1.115271,-3.519688
-1.120116,-3.515039
-1.125164,-3.510611
-1.130404,-3.506413
-1.135826,-3.502452
-1.141418,-3.498738
-1.147172,-3.495274
-1.153076,-3.492067
-1.159116,-3.489126
-1.165234,-3.486476
-1.170238,-3.483495
-1.174572,-3.482003
-1.178021,-3.480928
-1.180767,-3.480147
-1.182931,-3.479581
-1.184661,-3.479164
-1.186022,-3.478862
-1.187079,-3.478650
-1.187906,-3.478503
-1.188560,-3.478403
-1.189075,-3.478345
-1.189472,-3.478343
-1.189681,-3.478375
-1.189681,-3.478375
-1.189681,-3.478376
-1.189681,-3.478376
-1.189680,-3.478376
-1.190494,-3.477971
-1.193642,-3.502489
-1.196909,-3.565968
-1.199025,-3.668402
-1.198731,-3.809791
-1.193328,-3.990710
-1.186699,-4.184332
-1.182576,-4.378134
-1.180608,-4.572104
-1.180477,-4.766268
-1.181929,-4.960672
-1.184716,-5.155276
-1.188906,-5.349861
-1.194257,-5.544378
-1.200543,-5.738845
-1.207578,-5.933282
-1.215201,-6.127677
-1.223270,-6.322033
-1.231681,-6.516352
-1.240349,-6.710641
-1.249207,-6.904909
-1.258126,-7.071932
-1.263796,-7.197945
-1.267050,-7.285115
-1.269189,-7.333407
-1.271523,-7.342868
-1.275357,-7.313602
-1.281619,-7.250946
-1.282837,-7.214901
-1.279844,-7.195128
-1.277076,-7.178965
-1.274587,-7.165595
-1.272367,-7.154344
-1.270473,-7.145000
-1.268892,-7.137258
-1.267571,-7.130777
-1.266506,-7.125401
-1.265660,-7.120959
-1.264990,-7.117241
-1.264469,-7.114119
-1.264084,-7.111525
-1.263812,-7.109354
-1.263643,-7.107557
-1.263618,-7.107330
-1.263616,-7.107360
-1.263615,-7.107390
-1.263613,-7.107421
-1.263611,-7.107452
-1.263609,-7.107482
-1.263608,-7.107513
-1.263606,-7.107543
-1.263604,-7.107574
-1.263603,-7.107604
-1.264288,-7.086437
-1.270342,-7.083733
-1.276975,-7.082671
-1.283651,-7.081896
-1.290358,-7.081425
-1.297082,-7.081253
-1.303807,-7.081381
-1.310528,-7.081706
-1.317247,-7.082224
-1.323930,-7.083056
-1.330566,-7.084192
-1.337142,-7.085627
-1.343645,-7.087359
-1.350061,-7.089382
-1.356378,-7.091693
-1.362582,-7.094285
-1.368663,-7.097153
-1.374607,-7.100292
-1.380402,-7.103695
-1.386038,-7.107354
-1.391504,-7.111261
-1.396787,-7.115409
-1.401880,-7.119789
-1.406770,-7.124391
-1.411450,-7.129207
-1.415910,-7.134227
-1.420141,-7.139439
-1.424136,-7.144835
-1.427886,-7.150403
-1.431385,-7.156133
-1.434626,-7.162014
-1.437605,-7.168036
-1.440313,-7.174185
-1.442746,-7.180448
-1.444898,-7.186813
-1.446735,-7.193154
-1.448964,-7.198123
-1.449861,-7.202395
-1.450462,-7.205722
-1.450875,-7.208363
-1.451154,-7.210438
-1.451340,-7.212060
-1.451462,-7.213346
-1.451534,-7.214347
-1.451564,-7.215129
-1.451547,-7.215739
-1.451460,-7.216202
-1.451356,-7.216545
-1.451296,-7.216752
-1.451296,-7.216751
-1.451296,-7.216751
-1.451296,-7.216751
-1.451296,-7.216750
-1.451859,-7.217520
-1.429251,-7.217949
-1.367807,-7.214147
-1.267751,-7.204959
-1.129302,-7.188730
-0.951999,-7.162646
-0.760522,-7.133084
-0.568543,-7.106214
-0.376133,-7.081660
-0.183388,-7.059039
0.009620,-7.038059
0.202844,-7.018480
0.396248,-7.000105
0.589806,-6.982748
0.783486,-6.966239
0.977265,-6.950438
1.171130,-6.935227
1.365064,-6.920500
1.559040,-6.906185
1.753006,-6.892187
1.947023,-6.878428
2.141055,-6.864854
2.335126,-6.851410
2.529207,-6.838077
2.723278,-6.824819
2.917340,-6.811591
3.086619,-6.801271
3.214323,-6.792381
3.303181,-6.785402
3.353283,-6.781741
3.364823,-6.782720
3.338064,-6.789636
3.273101,-6.803791
3.174165,-6.825676
3.096295,-6.844745
3.058733,-6.855042
3.056136,-6.850681
3.055954,-6.846209
3.056570,-6.842166
3.056764,-6.839020
3.057027,-6.836440
3.057457,-6.834273
3.057996,-6.832458
3.058593,-6.830973
3.059208,-6.829741
3.059820,-6.828736
3.060413,-6.827934
3.060978,-6.827296
3.061512,-6.826794
3.062014,-6.826411
3.062128,-6.826342
3.062150,-6.826341
3.062172,-6.826340
3.062194,-6.826341
3.062216,-6.826341
3.062239,-6.826342
3.062262,-6.826343
3.062284,-6.826344
3.062307,-6.826345
3.062330,-6.826347
3.055011,-6.830062
3.054428,-6.836762
3.054143,-6.843483
3.054159,-6.850210
3.054444,-6.856927
3.054858,-6.863657
3.055576,-6.870355
3.056598,-6.877010
3.057921,-6.883610
3.059541,-6.890142
3.061454,-6.896592
3.063656,-6.902948
3.066143,-6.909197
3.068909,-6.915325
3.071948,-6.921321
3.075253,-6.927174
3.078817,-6.932871
3.082633,-6.938401
3.086693,-6.943754
3.090988,-6.948919
3.095509,-6.953885
3.100247,-6.958645
3.105193,-6.963187
3.110335,-6.967504
3.115665,-6.971587
3.121171,-6.975429
3.126842,-6.979021
3.132498,-6.982266
3.136549,-6.985715
3.140286,-6.987519
3.143311,-6.988878
3.145711,-6.989890
3.147622,-6.990652
3.149108,-6.991212
3.150295,-6.991636
3.151229,-6.991950
3.151967,-6.992182
3.152538,-6.992345
3.152996,-6.992461
3.153348,-6.992521
3.153568,-6.992534
3.153568,-6.992508
3.153567,-6.992477
3.153567,-6.992447
3.153566,-6.992417
3.154086,-6.992739
3.160121,-6.970854
3.171271,-6.910340
3.186231,-6.811037
3.203704,-6.672811
3.221032,-6.493519
3.239111,-6.299447
3.260295,-6.105776
3.284026,-5.912468
3.309822,-5.719484
3.337316,-5.526783
3.366196,-5.334334
3.396152,-5.142082
3.424618,-4.972459
3.445400,-4.844282
3.459192,-4.754401
3.467318,-4.703001
3.471109,-4.690194
3.471905,-4.716018
3.471026,-4.780688
3.469884,-4.881363
3.470705,-4.963621
3.472338,-5.008178
3.464669,-5.041143
3.457821,-5.043535
3.454476,-5.037839
3.451919,-5.033215
3.449976,-5.029490
3.448500,-5.026488
3.447337,-5.024016
3.446452,-5.022026
3.445800,-5.020451
3.445334,-5.019210
3.445014,-5.018230
3.444819,-5.017475
3.444784,-5.017299
3.444789,-5.017274
3.444792,-5.017247
3.444794,-5.017218
3.444795,-5.017190
3.444796,-5.017161
3.444796,-5.017131
3.444796,-5.017101
3.444796,-5.017072
3.444796,-5.017042
3.440372,-5.015412
3.434270,-5.012635
3.428298,-5.009593
3.422469,-5.006297
3.416793,-5.002749
3.411279,-4.998954
3.405940,-4.994918
3.400785,-4.990649
3.395826,-4.986156
3.391072,-4.981447
3.386532,-4.976531
3.382217,-4.971418
3.378135,-4.966119
3.374295,-4.960642
3.370704,-4.954999
3.367370,-4.949202
3.364299,-4.943261
3.361498,-4.937189
3.358972,-4.930997
3.356727,-4.924698
3.354765,-4.918306
3.353092,-4.911832
3.351709,-4.905289
3.350619,-4.898691
3.349826,-4.892050
3.349335,-4.885375
3.348919,-4.878856
3.346771,-4.873056
3.346320,-4.868872
3.346117,-4.865540
3.346011,-4.862961
3.346054,-4.860872
3.346109,-4.859222
3.346132,-4.857942
3.346053,-4.856956
3.345983,-4.856164
3.345938,-4.855541
3.345915,-4.855049
3.345904,-4.854678
3.345891,-4.854384
3.345904,-4.854316
3.345931,-4.854315
3.345959,-4.854314
3.345987,-4.854313
3.346015,-4.854312
3.346985,-4.848672
3.384361,-4.841392
3.461992,-4.839900
3.576482,-4.849453
3.697332,-4.873569
3.816567,-4.904134
3.969285,-4.923097
4.162775,-4.922690
4.356995,-4.920287
4.551236,-4.916245
4.745482,-4.910783
4.939748,-4.904189
5.134016,-4.896748
5.328285,-4.888669
5.522560,-4.880114
5.716836,-4.871228
5.911100,-4.862113
6.105364,-4.852855
6.299630,-4.843520
6.493900,-4.834163
6.688172,-4.824830
6.874687,-4.818493
6.997185,-4.820354
7.082705,-4.817095
7.156629,-4.800277
7.227547,-4.771594
7.272040,-4.750232
7.279382,-4.738245
7.249431,-4.729970
7.181273,-4.720246
7.098370,-4.705294
7.069807,-4.702701
7.054433,-4.704322
7.041876,-4.705894
7.031640,-4.707353
7.023227,-4.708681
7.016387,-4.709847
7.010815,-4.710858
7.006217,-4.711742
7.002436,-4.712501
6.999367,-4.713139
6.996873,-4.713674
6.994819,-4.714127
6.993119,-4.714511
6.992039,-4.714760
6.992039,-4.714760
6.992039,-4.714760
6.992039,-4.714759
6.992039,-4.714759
6.992039,-4.714759
6.992039,-4.714759
6.992039,-4.714758
6.992039,-4.714758
6.992039,-4.714758
6.981976,-4.713777
6.972219,-4.717838
6.971429,-4.724487
6.970928,-4.731192
6.970724,-4.737914
6.970820,-4.744640
6.971142,-4.751358
6.971625,-4.758081
6.972426,-4.764768
6.973532,-4.771409
6.974936,-4.777992
6.976636,-4.784503
6.978629,-4.790928
6.980910,-4.797256
6.983474,-4.803473
6.986316,-4.809566
6.989428,-4.815524
6.992805,-4.821335
6.996439,-4.826988
7.000323,-4.832470
7.004448,-4.837773
7.008806,-4.842884
7.013388,-4.847795
7.018184,-4.852496
7.023185,-4.856977
7.028380,-4.861231
7.033759,-4.865248
7.039312,-4.869022
7.045028,-4.872546
7.050897,-4.875815
7.056906,-4.878819
7.063043,-4.881555
7.068910,-4.883870
7.072620,-4.887671
7.076546,-4.888921
7.079614,-4.889807
7.082064,-4.890454
7.083960,-4.890914
7.085472,-4.891251
7.086691,-4.891499
7.087638,-4.891672
7.088370,-4.891788
7.088951,-4.891862
7.089408,-4.891889
7.089757,-4.891854
7.089833,-4.891834
7.089833,-4.891834
7.089833,-4.891834
7.089832,-4.891834
7.089832,-4.891833
7.081737,-4.911138
7.071950,-4.906484
7.069847,-4.862974
7.080631,-4.794443
7.108804,-4.719855
7.140942,-4.615098
7.154539,-4.502496
7.164985,-4.350513
7.167131,-4.161928
7.166966,-3.967487
7.166597,-3.773039
7.166044,-3.578588
7.165316,-3.384114
7.164484,-3.189624
7.163624,-2.995129
7.162794,-2.800630
7.162035,-2.606126
7.161380,-2.411616
7.160855,-2.217099
7.160480,-2.022569
7.160278,-1.828044
7.160253,-1.633508
7.160400,-1.438987
7.160724,-1.244493
7.161240,-1.050013
7.161964,-0.855561
7.162927,-0.661100
7.164141,-0.466606
7.165629,-0.272096
7.167378,-0.077600
7.169356,0.116887
7.171542,0.311364
7.173915,0.505835
7.176461,0.700300
7.179167,0.894759
7.182018,1.089214
7.185003,1.283664
7.188114,1.478112
7.191341,1.672556
7.194676,1.866997
7.198112,2.061435
7.201641,2.255871
7.205259,2.450303
7.208960,2.644734
7.212736,2.839162
7.217480,3.028796
7.222143,3.177602
7.223147,3.287583
7.223211,3.358726
7.225050,3.391154
7.231361,3.385231
7.233917,3.304958
7.238661,3.263595
7.235727,3.240928
7.232858,3.222331
7.230161,3.206872
7.227744,3.194084
7.225644,3.183499
7.223843,3.174663
7.222328,3.167294
7.221070,3.161121
7.220039,3.155943
7.219223,3.151650
7.218573,3.148031
7.218068,3.144977
7.217698,3.142445
7.217447,3.140357
7.217318,3.139008
7.217316,3.139039
7.217314,3.139071
7.217311,3.139102
7.217309,3.139132
7.217307,3.139163
7.217305,3.139194
7.217304,3.139224
7.217302,3.139255
7.217300,3.139285
7.217070,3.132258
7.219378,3.109739
7.225981,3.108537
7.232613,3.107620
7.239304,3.106987
7.246021,3.106657
7.252747,3.106627
7.259461,3.106896
7.266194,3.107263
7.272897,3.107934
7.279559,3.108912
7.286168,3.110191
7.292710,3.111768
7.299173,3.113639
7.305543,3.115801
7.311808,3.118246
7.317955,3.120971
7.323972,3.123969
7.329846,3.127235
7.335567,3.130761
7.341123,3.134539
7.346503,3.138563
7.351696,3.142822
7.356693,3.147310
7.361484,3.152015
7.366060,3.156929
7.370412,3.162042
7.374531,3.167344
7.378410,3.172823
7.382041,3.178470
7.385417,3.184272
7.388534,3.190222
7.391385,3.196306
7.393962,3.202511
7.396261,3.208825
7.399095,3.214463
7.400928,3.219184
7.401869,3.223093
7.402523,3.226173
7.402974,3.228568
7.403293,3.230468
7.403515,3.231969
7.403666,3.233154
7.403765,3.234076
7.403819,3.234794
7.403827,3.235354
7.403775,3.235784
7.403674,3.236098
7.403647,3.236182
7.403647,3.236182
7.403647,3.236181
7.403646,3.236181
7.403646,3.236181
7.399943,3.237313
7.361909,3.237285
7.285003,3.234486
7.169207,3.228114
7.014689,3.216768
6.825985,3.198494
6.632837,3.180572
6.439439,3.164521
6.245841,3.150088
6.052061,3.137067
5.858152,3.125200
5.664133,3.114329
5.470022,3.104314
5.275833,3.095021
5.081578,3.086332
4.887270,3.078145
4.692914,3.070377
4.498555,3.062967
4.304179,3.055822
4.109771,3.048892
3.915366,3.042137
3.720938,3.035506
3.526519,3.028976
3.332107,3.022506
3.137701,3.016067
2.943301,3.009635
2.751905,3.003591
2.596752,2.999051
2.480537,2.994650
2.403225,2.991395
2.364752,2.990279
2.364957,2.992305
2.403763,2.998474
2.481129,3.009795
2.576729,3.024493
2.636534,3.035189
2.653351,3.036312
2.655333,3.032276
2.656896,3.029029
2.658202,3.026315
2.659343,3.024146
2.660321,3.022433
2.661146,3.021093
2.661854,3.020020
2.662436,3.019163
2.662962,3.018503
2.663449,3.018010
2.663799,3.017709
2.663767,3.017705
2.663734,3.017700
2.663702,3.017695
2.663670,3.017691
2.663639,3.017688
2.663609,3.017685
2.663579,3.017682
2.663550,3.017680
2.663520,3.017678
2.667172,3.018088
2.670642,3.024019
2.671280,3.030714
2.671621,3.037431
2.671661,3.044158
2.671395,3.050872
2.671037,3.057606
2.670377,3.064310
2.669410,3.070974
2.668142,3.077585
2.666577,3.084131
2.664718,3.090597
2.662568,3.096971
2.660134,3.103240
2.657419,3.109392
2.654444,3.115387
2.652253,3.120728
2.649913,3.124683
2.647991,3.127744
2.646457,3.130082
2.645198,3.131934
2.644202,3.133362
2.643421,3.134460
2.642793,3.135334
2.642297,3.136022
2.641911,3.136565
2.641613,3.136996
2.641393,3.137336
2.641240,3.137547
2.641230,3.137528
2.641217,3.137505
2.641205,3.137483
2.641193,3.137463
2.641948,3.138827
2.630648,3.128934
2.594076,3.089461
2.533043,3.019661
2.448360,2.918878
2.340551,2.785193
2.220389,2.631853
2.098248,2.480165
1.974495,2.329867
1.849438,2.180715
1.723338,2.032497
1.596392,1.885041
1.468751,1.738227
1.340572,1.591910
1.211958,1.445999
1.082997,1.300418
0.953767,1.155091
0.824334,1.009958
0.694743,0.864978
0.565035,0.720111
0.435244,0.575326
0.305397,0.430597
0.175515,0.285904
0.045615,0.141230
-0.072099,0.011399
-0.161424,-0.088181
-0.224266,-0.159233
-0.261402,-0.201079
-0.273172,-0.213114
-0.273181,-0.213132
-0.273191,-0.213151
-0.273201,-0.213170
-0.273211,-0.213190
-0.273221,-0.213209
-0.273231,-0.213228
-0.273241,-0.213247
-0.273251,-0.213266
-0.273261,-0.213285
-0.273271,-0.213304
